"Type","Configuration","IOPS","RunTime","BW"
"instance","single","84246","329","1413"
"instance","single","88902","347","1339"
"instance","single","81090","316","1468"
"instance","single","90182","352","1320"
"instance","single","77399","302","1538"
"instance","single","85395","333","1394"
"instance","single","90250","352","1319"
"instance","single","84907","331","1402"
"instance","single","84068","328","1416"
"instance","single","55756","217","2135"
"instance","single","75247","293","1582"
"instance","single","56072","219","2123"
"instance","single","80162","313","1485"
"instance","single","83420","325","1427"
"instance","single","88178","344","1350"
"instance","single","78730","307","1512"
"instance","single","75725","295","1572"
"instance","single","63084","246","1887"
"instance","single","58382","228","2039"
"instance","single","62984","246","1890"
"instance","single","63051","246","1888"
"instance","single","73346","286","1623"
"instance","single","85150","332","1398"
"instance","single","77049","300","1545"
"instance","single","65804","257","1809"
"instance","single","66133","258","1800"
"instance","single","68809","268","1730"
"instance","single","76949","300","1547"
"instance","single","82955","324","1435"
"instance","single","89842","350","1325"
"instance","single","71453","279","1666"
"instance","single","70189","274","1696"
"instance","single","60611","236","1964"
"instance","single","86198","336","1381"
"instance","single","77855","304","1529"
"instance","single","81534","318","1460"
"instance","single","83596","326","1424"
"instance","single","80870","315","1472"
"instance","single","81871","319","1454"
"instance","single","85517","334","1392"
"instance","single","82839","323","1437"
"instance","single","76504","298","1556"
"instance","single","65014","253","1831"
"instance","single","88178","344","1350"
"instance","single","84666","330","1406"
"instance","single","84545","330","1408"
"instance","single","52907","206","2250"
"instance","single","85333","333","1395"
"instance","single","87273","340","1364"
"instance","single","83890","327","1419"
"instance","single","52860","206","2252"
"instance","single","74354","290","1601"
"instance","single","57814","225","2059"
"instance","single","74680","291","1594"
"instance","single","73938","288","1610"
"instance","single","84545","330","1408"
"instance","single","89639","350","1328"
"instance","single","86827","339","1371"
"instance","single","80108","312","1486"
"instance","single","76357","298","1559"
"instance","single","83187","324","1431"
"instance","single","84786","331","1404"
"instance","single","78316","305","1520"
"instance","single","86012","335","1384"
"instance","single","71111","277","1674"
"instance","single","82495","322","1443"
"instance","single","87658","342","1358"
"instance","single","83245","325","1430"
"instance","single","37719","147","3156"
"instance","single","86827","339","1371"
"instance","single","76553","299","1555"
"instance","single","87982","343","1353"
"instance","single","86827","339","1371"
"instance","single","88113","344","1351"
"instance","single","75199","293","1583"
"instance","single","66914","261","1779"
"instance","single","83772","327","1421"
"instance","single","77550","302","1535"
"instance","single","73255","286","1625"
"instance","single","87209","340","1365"
"instance","single","66170","258","1799"
"instance","single","76602","299","1554"
"instance","single","88703","346","1342"
"instance","single","65587","256","1815"
"instance","single","87018","339","1368"
"instance","single","74821","292","1591"
"instance","single","89571","349","1329"
"instance","single","73892","288","1611"
"instance","single","75247","293","1582"
"instance","single","73892","288","1611"
"instance","single","69411","271","1715"
"instance","single","66914","261","1779"
"instance","single","70563","275","1687"
"instance","single","86198","336","1381"
"instance","single","81758","319","1456"
"instance","single","52556","205","2265"
"instance","single","74821","292","1591"
"instance","single","71668","279","1661"
"instance","single","76750","299","1551"
"instance","single","75822","296","1570"
"instance","single","66170","258","1799"
"instance","single","68969","269","1726"
"instance","single","87917","343","1354"
"instance","single","59639","232","1996"
"instance","single","44802","175","2657"
"instance","single","68730","268","1732"
"instance","single","52233","204","2279"
"instance","single","95923","374","1241"
"instance","single","75967","296","1567"
"instance","single","82324","321","1446"
"instance","single","84306","329","1412"
"instance","single","70857","276","1680"
"instance","single","87852","343","1355"
"instance","single","89437","349","1331"
"instance","single","51046","199","2332"
"instance","single","82897","323","1436"
"instance","single","86701","338","1373"
"instance","single","84606","330","1407"
"instance","single","70355","274","1692"
"instance","single","80815","315","1473"
"instance","single","82839","323","1437"
"instance","single","71754","280","1659"
"instance","single","63556","248","1873"
"instance","single","73436","286","1621"
"instance","single","85211","332","1397"
"instance","single","66392","259","1793"
"instance","single","59048","230","2016"
"instance","single","57341","223","2076"
"instance","single","87658","342","1358"
"instance","single","68218","266","1745"
"instance","single","83478","326","1426"
"instance","single","64978","253","1832"
"instance","single","80760","315","1474"
"instance","single","62259","243","1912"
"instance","single","64138","250","1856"
"instance","single","62785","245","1896"
"instance","single","70942","277","1678"
"instance","single","86764","338","1372"
"instance","single","85456","333","1393"
"instance","single","75104","293","1585"
"instance","single","87018","339","1368"
"instance","single","72585","283","1640"
"instance","single","86701","338","1373"
"instance","single","73846","288","1612"
"instance","single","72497","283","1642"
"instance","single","87788","342","1356"
"instance","single","75629","295","1574"
"instance","single","77399","302","1538"
"instance","single","59819","233","1990"
"instance","single","86198","336","1381"
"instance","single","80980","316","1470"
"instance","single","68493","267","1738"
"instance","single","63556","248","1873"
"instance","single","67675","264","1759"
"instance","single","82955","324","1435"
"instance","single","58931","230","2020"
"instance","single","87529","341","1360"
"instance","single","55914","218","2129"
"instance","single","55600","217","2141"
"instance","single","73984","288","1609"
"instance","single","76455","298","1557"
"instance","single","87917","343","1354"
"instance","single","89169","348","1335"
"instance","single","81927","320","1453"
"instance","single","68809","268","1730"
"instance","single","58353","227","2040"
"instance","single","85579","334","1391"
"instance","single","56177","219","2119"
"instance","single","81814","319","1455"
"instance","single","88836","347","1340"
"instance","single","76210","297","1562"
"instance","single","82782","323","1438"
"instance","single","63863","249","1864"
"instance","single","77500","302","1536"
"instance","single","81423","318","1462"
"instance","single","64069","250","1858"
"instance","single","78574","306","1515"
"instance","single","89035","347","1337"
"instance","single","56098","219","2122"
"instance","single","58012","226","2052"
"instance","single","89035","347","1337"
"instance","single","87401","341","1362"
"instance","single","87982","343","1353"
"instance","single","61298","239","1942"
"instance","single","81367","317","1463"
"instance","single","62521","244","1904"
"instance","single","74307","290","1602"
"instance","single","59789","233","1991"
"instance","single","65987","257","1804"
"instance","single","53913","210","2208"
"instance","single","86386","337","1378"
"instance","single","69818","272","1705"
"instance","single","79254","309","1502"
"instance","single","67829","264","1755"
"instance","single","72718","284","1637"
"instance","single","77957","304","1527"
"instance","single","48968","191","2431"
"instance","single","64590","252","1843"
"instance","single","81590","318","1459"
"instance","single","66207","258","1798"
"instance","single","82667","322","1440"
"instance","single","52836","206","2253"
"instance","single","64242","250","1853"
"instance","single","80650","315","1476"
"instance","single","72145","281","1650"
"instance","single","87529","341","1360"
"instance","single","63151","246","1885"
"instance","single","50981","199","2335"
"instance","single","84606","330","1407"
"instance","single","84306","329","1412"
"instance","single","81311","317","1464"
"instance","single","76750","299","1551"
"instance","single","79519","310","1497"
"instance","single","87018","339","1368"
"instance","single","64173","250","1855"
"instance","single","62259","243","1912"
"instance","single","85887","335","1386"
"instance","single","60273","235","1975"
"instance","single","85333","333","1395"
"instance","single","73663","287","1616"
"instance","single","88969","347","1338"
"instance","single","84366","329","1411"
"instance","single","74214","289","1604"
"instance","single","82724","323","1439"
"instance","single","68179","266","1746"
"instance","single","68571","267","1736"
"instance","single","63556","248","1873"
"instance","single","82153","320","1449"
"instance","single","88902","347","1339"
"instance","single","67713","264","1758"
"instance","single","57674","225","2064"
"instance","single","75773","295","1571"
"instance","single","84366","329","1411"
"instance","single","53840","210","2211"
"instance","single","77148","301","1543"
"instance","single","86512","337","1376"
"instance","single","89169","348","1335"
"instance","single","84666","330","1406"
"instance","single","59372","231","2005"
"instance","single","86012","335","1384"
"instance","single","55756","217","2135"
"instance","single","57983","226","2053"
"instance","single","69614","271","1710"
"instance","single","91781","358","1297"
"instance","single","44921","175","2650"
"instance","single","61172","238","1946"
"instance","single","79149","309","1504"
"instance","single","77906","304","1528"
"instance","single","88047","343","1352"
"instance","single","72986","285","1631"
"instance","single","85887","335","1386"
"instance","single","80054","312","1487"
"instance","single","48887","190","2435"
"instance","single","59699","233","1994"
"instance","single","89842","350","1325"
"instance","single","88243","344","1349"
"instance","single","87852","343","1355"
"instance","single","86575","338","1375"
"instance","single","90870","354","1310"
"instance","single","67368","263","1767"
"instance","single","76999","300","1546"
"instance","single","72941","284","1632"
"instance","single","77049","300","1545"
"instance","single","83070","324","1433"
"instance","single","57396","224","2074"
"instance","single","66318","259","1795"
"instance","single","77855","304","1529"
"instance","single","64416","251","1848"
"instance","single","72897","284","1633"
"instance","single","56551","220","2105"
"instance","single","60304","235","1974"
"instance","single","72277","282","1647"
"instance","single","76064","297","1565"
"instance","single","73527","287","1619"
"instance","single","82609","322","1441"
"instance","single","58756","229","2026"
"instance","single","88440","345","1346"
"instance","single","72763","284","1636"
"instance","single","76455","298","1557"
"instance","single","64381","251","1849"
"instance","single","86386","337","1378"
"instance","single","90114","352","1321"
"instance","single","70605","275","1686"
"instance","single","73892","288","1611"
"instance","single","78574","306","1515"
"instance","single","86012","335","1384"
"instance","single","75485","294","1577"
"instance","single","88571","345","1344"
"instance","single","80705","315","1475"
"instance","single","87018","339","1368"
"instance","single","85211","332","1397"
"instance","single","67483","263","1764"
"instance","single","67445","263","1765"
"instance","single","66689","260","1785"
"instance","single","74493","290","1598"
"instance","single","58468","228","2036"
"instance","single","64276","251","1852"
"instance","single","81256","317","1465"
"instance","single","43926","171","2710"
"instance","single","93365","364","1275"
"instance","single","84907","331","1402"
"instance","single","72941","284","1632"
"instance","single","73892","288","1611"
"instance","single","87529","341","1360"
"instance","single","75822","296","1570"
"instance","single","69696","272","1708"
"instance","single","79360","310","1500"
"instance","single","87529","341","1360"
"instance","single","85949","335","1385"
"instance","single","54011","210","2204"
"instance","single","91288","356","1304"
"instance","single","64173","250","1855"
"instance","single","76850","300","1549"
"instance","single","87594","342","1359"
"instance","single","57203","223","2081"
"instance","single","66577","260","1788"
"instance","single","73938","288","1610"
"instance","single","70313","274","1693"
"instance","single","75247","293","1582"
"instance","single","80324","313","1482"
"instance","single","91149","356","1306"
"instance","single","86074","336","1383"
"instance","single","74447","290","1599"
"instance","single","43620","170","2729"
"instance","single","82724","323","1439"
"instance","single","87594","342","1359"
"instance","single","83420","325","1427"
"instance","single","68296","266","1743"
"instance","single","84666","330","1406"
"instance","single","85887","335","1386"
"instance","single","59490","232","2001"
"instance","single","82267","321","1447"
"instance","single","79679","311","1494"
"instance","single","86074","336","1383"
"instance","single","85640","334","1390"
"instance","single","72102","281","1651"
"instance","single","68023","265","1750"
"instance","single","83070","324","1433"
"instance","single","86074","336","1383"
"instance","single","65877","257","1807"
"instance","single","78213","305","1522"
"instance","single","85029","332","1400"
"standard","single","71281","278","1670"
"standard","single","82839","323","1437"
"standard","single","80487","314","1479"
"standard","single","79466","310","1498"
"standard","single","86198","336","1381"
"standard","single","82097","320","1450"
"standard","single","78626","307","1514"
"standard","single","76161","297","1563"
"standard","single","89842","350","1325"
"standard","single","50017","195","2380"
"standard","single","82324","321","1446"
"standard","single","61077","238","1949"
"standard","single","81201","317","1466"
"standard","single","84907","331","1402"
"standard","single","79202","309","1503"
"standard","single","74076","289","1607"
"standard","single","66577","260","1788"
"standard","single","69614","271","1710"
"standard","single","56124","219","2121"
"standard","single","58182","227","2046"
"standard","single","79839","311","1491"
"standard","single","83596","326","1424"
"standard","single","85272","333","1396"
"standard","single","69411","271","1715"
"standard","single","75247","293","1582"
"standard","single","62455","243","1906"
"standard","single","79786","311","1492"
"standard","single","67254","262","1770"
"standard","single","81478","318","1461"
"standard","single","86638","338","1374"
"standard","single","74122","289","1606"
"standard","single","63897","249","1863"
"standard","single","82609","322","1441"
"standard","single","70563","275","1687"
"standard","single","88243","344","1349"
"standard","single","78471","306","1517"
"standard","single","72807","284","1635"
"standard","single","90387","353","1317"
"standard","single","80162","313","1485"
"standard","single","70480","275","1689"
"standard","single","74030","289","1608"
"standard","single","66652","260","1786"
"standard","single","70521","275","1688"
"standard","single","80378","313","1481"
"standard","single","71668","279","1661"
"standard","single","77702","303","1532"
"standard","single","49129","191","2423"
"standard","single","82040","320","1451"
"standard","single","78626","307","1514"
"standard","single","78678","307","1513"
"standard","single","62686","244","1899"
"standard","single","57843","225","2058"
"standard","single","78008","304","1526"
"standard","single","88440","345","1346"
"standard","single","80980","316","1470"
"standard","single","78059","304","1525"
"standard","single","82609","322","1441"
"standard","single","83478","326","1426"
"standard","single","77855","304","1529"
"standard","single","78834","307","1510"
"standard","single","63760","249","1867"
"standard","single","79254","309","1502"
"standard","single","62097","242","1917"
"standard","single","76899","300","1548"
"standard","single","67178","262","1772"
"standard","single","81702","319","1457"
"standard","single","80870","315","1472"
"standard","single","71884","280","1656"
"standard","single","46719","182","2548"
"standard","single","70563","275","1687"
"standard","single","78316","305","1520"
"standard","single","80487","314","1479"
"standard","single","79893","312","1490"
"standard","single","71410","278","1667"
"standard","single","66839","261","1781"
"standard","single","68023","265","1750"
"standard","single","83890","327","1419"
"standard","single","63590","248","1872"
"standard","single","72102","281","1651"
"standard","single","80378","313","1481"
"standard","single","63966","249","1861"
"standard","single","67103","262","1774"
"standard","single","83303","325","1429"
"standard","single","72852","284","1634"
"standard","single","79466","310","1498"
"standard","single","80270","313","1483"
"standard","single","74680","291","1594"
"standard","single","83128","324","1432"
"standard","single","75437","294","1578"
"standard","single","76553","299","1555"
"standard","single","53525","209","2224"
"standard","single","67868","265","1754"
"standard","single","82267","321","1447"
"standard","single","80760","315","1474"
"standard","single","72497","283","1642"
"standard","single","65877","257","1807"
"standard","single","72365","282","1645"
"standard","single","65659","256","1813"
"standard","single","82667","322","1440"
"standard","single","74214","289","1604"
"standard","single","81367","317","1463"
"standard","single","55086","215","2161"
"standard","single","80216","313","1484"
"standard","single","47635","186","2499"
"standard","single","54257","211","2194"
"standard","single","58960","230","2019"
"standard","single","59669","233","1995"
"standard","single","69209","270","1720"
"standard","single","67140","262","1773"
"standard","single","80324","313","1482"
"standard","single","88969","347","1338"
"standard","single","79254","309","1502"
"standard","single","81478","318","1461"
"standard","single","82381","321","1445"
"standard","single","44701","174","2663"
"standard","single","64207","250","1854"
"standard","single","88178","344","1350"
"standard","single","81702","319","1457"
"standard","single","69290","270","1718"
"standard","single","82267","321","1447"
"standard","single","74030","289","1608"
"standard","single","83772","327","1421"
"standard","single","59639","232","1996"
"standard","single","66244","258","1797"
"standard","single","76210","297","1562"
"standard","single","88113","344","1351"
"standard","single","52073","203","2286"
"standard","single","64978","253","1832"
"standard","single","81646","318","1458"
"standard","single","84726","330","1405"
"standard","single","66503","259","1790"
"standard","single","69533","271","1712"
"standard","single","73210","285","1626"
"standard","single","58239","227","2044"
"standard","single","69900","273","1703"
"standard","single","79096","308","1505"
"standard","single","81145","316","1467"
"standard","single","78059","304","1525"
"standard","single","79946","312","1489"
"standard","single","82040","320","1451"
"standard","single","87081","340","1367"
"standard","single","70942","277","1678"
"standard","single","52073","203","2286"
"standard","single","75870","296","1569"
"standard","single","80432","314","1480"
"standard","single","77804","303","1530"
"standard","single","83772","327","1421"
"standard","single","69089","269","1723"
"standard","single","67752","264","1757"
"standard","single","84426","329","1410"
"standard","single","86512","337","1376"
"standard","single","52510","205","2267"
"standard","single","55035","214","2163"
"standard","single","67483","263","1764"
"standard","single","80870","315","1472"
"standard","single","69209","270","1720"
"standard","single","80596","314","1477"
"standard","single","75725","295","1572"
"standard","single","53597","209","2221"
"standard","single","68101","266","1748"
"standard","single","90525","353","1315"
"standard","single","78522","306","1516"
"standard","single","85764","335","1388"
"standard","single","71797","280","1658"
"standard","single","82609","322","1441"
"standard","single","55861","218","2131"
"standard","single","65987","257","1804"
"standard","single","46609","182","2554"
"standard","single","77299","301","1540"
"standard","single","70942","277","1678"
"standard","single","80378","313","1481"
"standard","single","89504","349","1330"
"standard","single","82955","324","1435"
"standard","single","76949","300","1547"
"standard","single","80760","315","1474"
"standard","single","65120","254","1828"
"standard","single","85640","334","1390"
"standard","single","84968","331","1401"
"standard","single","52028","203","2288"
"standard","single","62918","245","1892"
"standard","single","84726","330","1405"
"standard","single","86512","337","1376"
"standard","single","44220","172","2692"
"standard","single","55162","215","2158"
"standard","single","65479","255","1818"
"standard","single","79044","308","1506"
"standard","single","77399","302","1538"
"standard","single","62984","246","1890"
"standard","single","74400","290","1600"
"standard","single","54933","214","2167"
"standard","single","71239","278","1671"
"standard","single","90319","352","1318"
"standard","single","77349","302","1539"
"standard","single","57231","223","2080"
"standard","single","85029","332","1400"
"standard","single","84246","329","1413"
"standard","single","59165","231","2012"
"standard","single","71239","278","1671"
"standard","single","79254","309","1502"
"standard","single","58554","228","2033"
"standard","single","63285","247","1881"
"standard","single","60797","237","1958"
"standard","single","49149","191","2422"
"standard","single","77652","303","1533"
"standard","single","74962","292","1588"
"standard","single","79202","309","1503"
"standard","single","69900","273","1703"
"standard","single","66133","258","1800"
"standard","single","77349","302","1539"
"standard","single","86012","335","1384"
"standard","single","80162","313","1485"
"standard","single","72986","285","1631"
"standard","single","80541","314","1478"
"standard","single","83596","326","1424"
"standard","single","72102","281","1651"
"standard","single","78574","306","1515"
"standard","single","80815","315","1473"
"standard","single","73031","285","1630"
"standard","single","73892","288","1611"
"standard","single","77855","304","1529"
"standard","single","76553","299","1555"
"standard","single","62357","243","1909"
"standard","single","62752","245","1897"
"standard","single","84008","328","1417"
"standard","single","63931","249","1862"
"standard","single","65479","255","1818"
"standard","single","63692","248","1869"
"standard","single","77399","302","1538"
"standard","single","80270","313","1483"
"standard","single","67140","262","1773"
"standard","single","64103","250","1857"
"standard","single","70521","275","1688"
"standard","single","80870","315","1472"
"standard","single","52464","204","2269"
"standard","single","82438","322","1444"
"standard","single","78939","308","1508"
"standard","single","81983","320","1452"
"standard","single","80216","313","1484"
"standard","single","60212","235","1977"
"standard","single","80162","313","1485"
"standard","single","60091","234","1981"
"standard","single","61839","241","1925"
"standard","single","67216","262","1771"
"standard","single","79893","312","1490"
"standard","single","43959","171","2708"
"standard","single","70815","276","1681"
"standard","single","84606","330","1407"
"standard","single","85640","334","1390"
"standard","single","72986","285","1631"
"standard","single","65263","254","1824"
"standard","single","84127","328","1415"
"standard","single","86386","337","1378"
"standard","single","53048","207","2244"
"standard","single","76161","297","1563"
"standard","single","65732","256","1811"
"standard","single","70773","276","1682"
"standard","single","83949","327","1418"
"standard","single","80596","314","1477"
"standard","single","81256","317","1465"
"standard","single","71495","279","1665"
"standard","single","66726","260","1784"
"standard","single","62719","244","1898"
"standard","single","74214","289","1604"
"standard","single","75389","294","1579"
"standard","single","47107","184","2527"
"standard","single","64872","253","1835"
"standard","single","78059","304","1525"
"standard","single","53405","208","2229"
"standard","single","74633","291","1595"
"standard","single","60304","235","1974"
"standard","single","69736","272","1707"
"standard","single","71239","278","1671"
"standard","single","83361","325","1428"
"standard","single","83890","327","1419"
"standard","single","77049","300","1545"
"standard","single","79519","310","1497"
"standard","single","84786","331","1404"
"standard","single","83654","326","1423"
"standard","single","84127","328","1415"
"standard","single","70480","275","1689"
"standard","single","78213","305","1522"
"standard","single","65841","257","1808"
"standard","single","76800","300","1550"
"standard","single","75294","294","1581"
"standard","single","76504","298","1556"
"standard","single","66466","259","1791"
"standard","single","69250","270","1719"
"standard","single","71324","278","1669"
"standard","single","78574","306","1515"
"standard","single","71884","280","1656"
"standard","single","86512","337","1376"
"standard","single","72807","284","1635"
"standard","single","87401","341","1362"
"standard","single","55239","215","2155"
"standard","single","80980","316","1470"
"standard","single","69859","272","1704"
"standard","single","59018","230","2017"
"standard","single","78419","306","1518"
"standard","single","44007","171","2705"
"standard","single","71410","278","1667"
"standard","single","83303","325","1429"
"standard","single","82040","320","1451"
"standard","single","72585","283","1640"
"standard","single","84366","329","1411"
"standard","single","73663","287","1616"
"standard","single","69982","273","1701"
"standard","single","72058","281","1652"
"standard","single","64034","250","1859"
"standard","single","79360","310","1500"
"standard","single","30406","118","3915"
"standard","single","71711","280","1660"
"standard","single","75629","295","1574"
"standard","single","62129","242","1916"
"standard","single","76161","297","1563"
"standard","single","77804","303","1530"
"standard","single","65623","256","1814"
"standard","single","76701","299","1552"
"standard","single","74586","291","1596"
"standard","single","85456","333","1393"
"standard","single","86449","337","1377"
"standard","single","77249","301","1541"
"standard","single","73481","287","1620"
"standard","single","85395","333","1394"
"standard","single","42004","164","2834"
"standard","single","70815","276","1681"
"standard","single","77399","302","1538"
"standard","single","83537","326","1425"
"standard","single","57927","226","2055"
"standard","single","88770","346","1341"
"standard","single","72630","283","1639"
"standard","single","54555","213","2182"
"standard","single","75725","295","1572"
"standard","single","71668","279","1661"
"standard","single","60673","237","1962"
"standard","single","68571","267","1736"
"standard","single","62259","243","1912"
"standard","single","77349","302","1539"
"standard","single","84726","330","1405"
"standard","single","85887","335","1386"
"standard","single","69696","272","1708"
"standard","single","84008","328","1417"
"standard","single","84068","328","1416"
"standard","raid","269932","1054","441"
"standard","raid","266309","1040","447"
"standard","raid","326137","1273","365"
"standard","raid","307597","1201","387"
"standard","raid","265714","1037","448"
"standard","raid","286843","1120","415"
"standard","raid","192934","753","617"
"standard","raid","187170","731","636"
"standard","raid","324360","1267","367"
"standard","raid","295385","1153","403"
"standard","raid","196436","767","606"
"standard","raid","286154","1117","416"
"standard","raid","241951","945","492"
"standard","raid","409072","1597","291"
"standard","raid","202105","789","589"
"standard","raid","217226","848","548"
"standard","raid","193561","756","615"
"standard","raid","273655","1068","435"
"standard","raid","202105","789","589"
"standard","raid","314090","1226","379"
"standard","raid","296119","1156","402"
"standard","raid","291051","1136","409"
"standard","raid","280755","1096","424"
"standard","raid","291765","1139","408"
"standard","raid","280094","1094","425"
"standard","raid","344046","1343","346"
"standard","raid","212952","831","559"
"standard","raid","298346","1165","399"
"standard","raid","376709","1471","316"
"standard","raid","246460","962","483"
"standard","raid","271162","1059","439"
"standard","raid","272403","1064","437"
"standard","raid","283429","1107","420"
"standard","raid","257662","1006","462"
"standard","raid","195789","764","608"
"standard","raid","256000","1000","465"
"standard","raid","298346","1165","399"
"standard","raid","233412","911","510"
"standard","raid","200404","782","594"
"standard","raid","167191","653","712"
"standard","raid","283429","1107","420"
"standard","raid","218422","853","545"
"standard","raid","354286","1383","336"
"standard","raid","350118","1367","340"
"standard","raid","221264","864","538"
"standard","raid","384000","1500","310"
"standard","raid","268713","1049","443"
"standard","raid","288932","1128","412"
"standard","raid","281418","1099","423"
"standard","raid","228046","890","522"
"standard","raid","359637","1404","331"
"standard","raid","262781","1026","453"
"standard","raid","385243","1504","309"
"standard","raid","382765","1495","311"
"standard","raid","263947","1031","451"
"standard","raid","276837","1081","430"
"standard","raid","280755","1096","424"
"standard","raid","267506","1044","445"
"standard","raid","293202","1145","406"
"standard","raid","297600","1162","400"
"standard","raid","280755","1096","424"
"standard","raid","257662","1006","462"
"standard","raid","331588","1295","359"
"standard","raid","212952","831","559"
"standard","raid","414774","1620","287"
"standard","raid","263363","1028","452"
"standard","raid","276837","1081","430"
"standard","raid","268713","1049","443"
"standard","raid","132267","516","900"
"standard","raid","280094","1094","425"
"standard","raid","277483","1083","429"
"standard","raid","213716","834","557"
"standard","raid","277483","1083","429"
"standard","raid","244938","956","486"
"standard","raid","208112","812","572"
"standard","raid","209577","818","568"
"standard","raid","259913","1015","458"
"standard","raid","346047","1351","344"
"standard","raid","180637","705","659"
"standard","raid","271781","1061","438"
"standard","raid","215262","840","553"
"standard","raid","291051","1136","409"
"standard","raid","268713","1049","443"
"standard","raid","228046","890","522"
"standard","raid","275556","1076","432"
"standard","raid","309195","1207","385"
"standard","raid","277483","1083","429"
"standard","raid","168136","656","708"
"standard","raid","276837","1081","430"
"standard","raid","276195","1078","431"
"standard","raid","281418","1099","423"
"standard","raid","288232","1125","413"
"standard","raid","303673","1186","392"
"standard","raid","190160","742","626"
"standard","raid","199064","777","598"
"standard","raid","278782","1088","427"
"standard","raid","286154","1117","416"
"standard","raid","291051","1136","409"
"standard","raid","263363","1028","452"
"standard","raid","278131","1086","428"
"standard","raid","217226","848","548"
"standard","raid","318289","1243","374"
"standard","raid","278131","1086","428"
"standard","raid","281418","1099","423"
"standard","raid","387752","1514","307"
"standard","raid","278131","1086","428"
"standard","raid","301367","1177","395"
"standard","raid","41812","163","2847"
"standard","raid","291051","1136","409"
"standard","raid","264533","1033","450"
"standard","raid","291765","1139","408"
"standard","raid","237605","928","501"
"standard","raid","284105","1109","419"
"standard","raid","277483","1083","429"
"standard","raid","204185","797","583"
"standard","raid","322602","1260","369"
"standard","raid","276195","1078","431"
"standard","raid","384000","1500","310"
"standard","raid","282085","1101","422"
"standard","raid","369689","1444","322"
"standard","raid","276195","1078","431"
"standard","raid","266309","1040","447"
"standard","raid","274286","1071","434"
"standard","raid","277483","1083","429"
"standard","raid","324360","1267","367"
"standard","raid","202449","790","588"
"standard","raid","245950","960","484"
"standard","raid","207749","811","573"
"standard","raid","292482","1142","407"
"standard","raid","288932","1128","412"
"standard","raid","285468","1115","417"
"standard","raid","273655","1068","435"
"standard","raid","268713","1049","443"
"standard","raid","306015","1195","389"
"standard","raid","286154","1117","416"
"standard","raid","274286","1071","434"
"standard","raid","267506","1044","445"
"standard","raid","278131","1086","428"
"standard","raid","188354","735","632"
"standard","raid","296119","1156","402"
"standard","raid","292482","1142","407"
"standard","raid","294653","1150","404"
"standard","raid","309195","1207","385"
"standard","raid","241951","945","492"
"standard","raid","203140","793","586"
"standard","raid","309195","1207","385"
"standard","raid","201421","786","591"
"standard","raid","224181","875","531"
"standard","raid","293926","1148","405"
"standard","raid","225455","880","528"
"standard","raid","419155","1637","284"
"standard","raid","231146","902","515"
"standard","raid","227610","889","523"
"standard","raid","222090","867","536"
"standard","raid","171281","669","695"
"standard","raid","343055","1340","347"
"standard","raid","194828","761","611"
"standard","raid","337224","1317","353"
"standard","raid","229807","897","518"
"standard","raid","192310","751","619"
"standard","raid","328840","1284","362"
"standard","raid","361824","1413","329"
"standard","raid","291765","1139","408"
"standard","raid","280755","1096","424"
"standard","raid","306015","1195","389"
"standard","raid","192934","753","617"
"standard","raid","277483","1083","429"
"standard","raid","192000","750","620"
"standard","raid","313263","1223","380"
"standard","raid","326137","1273","365"
"standard","raid","284105","1109","419"
"standard","raid","273655","1068","435"
"standard","raid","216044","843","551"
"standard","raid","310809","1214","383"
"standard","raid","284105","1109","419"
"standard","raid","269932","1054","441"
"standard","raid","293202","1145","406"
"standard","raid","286843","1120","415"
"standard","raid","286843","1120","415"
"standard","raid","200067","781","595"
"standard","raid","272403","1064","437"
"standard","raid","280094","1094","425"
"standard","raid","380319","1485","313"
"standard","raid","316596","1236","376"
"standard","raid","180912","706","658"
"standard","raid","280094","1094","425"
"standard","raid","273655","1068","435"
"standard","raid","289635","1131","411"
"standard","raid","288232","1125","413"
"standard","raid","282085","1101","422"
"standard","raid","259346","1013","459"
"standard","raid","273655","1068","435"
"standard","raid","279437","1091","426"
"standard","raid","122595","478","971"
"standard","raid","224604","877","530"
"standard","raid","320863","1253","371"
"standard","raid","272403","1064","437"
"standard","raid","213333","833","558"
"standard","raid","344046","1343","346"
"standard","raid","329751","1288","361"
"standard","raid","255451","997","466"
"standard","raid","267506","1044","445"
"standard","raid","280094","1094","425"
"standard","raid","282085","1101","422"
"standard","raid","290341","1134","410"
"standard","raid","287536","1123","414"
"standard","raid","260481","1017","457"
"standard","raid","280094","1094","425"
"standard","raid","201081","785","592"
"standard","raid","354286","1383","336"
"standard","raid","278131","1086","428"
"standard","raid","288932","1128","412"
"standard","raid","276195","1078","431"
"standard","raid","280755","1096","424"
"standard","raid","249038","972","478"
"standard","raid","193561","756","615"
"standard","raid","268108","1047","444"
"standard","raid","284105","1109","419"
"standard","raid","262781","1026","453"
"standard","raid","286843","1120","415"
"standard","raid","276837","1081","430"
"standard","raid","284785","1112","418"
"standard","raid","215262","840","553"
"standard","raid","268713","1049","443"
"standard","raid","188952","738","630"
"standard","raid","272403","1064","437"
"standard","raid","220444","861","540"
"standard","raid","286843","1120","415"
"standard","raid","314921","1230","378"
"standard","raid","256552","1002","464"
"standard","raid","274286","1071","434"
"standard","raid","229364","895","519"
"standard","raid","266906","1042","446"
"standard","raid","263947","1031","451"
"standard","raid","299095","1168","398"
"standard","raid","287536","1123","414"
"standard","raid","379108","1480","314"
"standard","raid","364037","1422","327"
"standard","raid","282755","1104","421"
"standard","raid","268108","1047","444"
"standard","raid","240485","939","495"
"standard","raid","315756","1233","377"
"standard","raid","276837","1081","430"
"standard","raid","183421","716","649"
"standard","raid","68889","269","1728"
"standard","raid","282755","1104","421"
"standard","raid","282755","1104","421"
"standard","raid","182857","714","651"
"standard","raid","160865","628","740"
"standard","raid","190464","744","625"
"standard","raid","270545","1056","440"
"standard","raid","212571","830","560"
"standard","raid","265122","1035","449"
"standard","raid","323478","1263","368"
"standard","raid","353234","1379","337"
"standard","raid","235257","918","506"
"standard","raid","284105","1109","419"
"standard","raid","265122","1035","449"
"standard","raid","273028","1066","436"
"standard","raid","266309","1040","447"
"standard","raid","278782","1088","427"
"standard","raid","190464","744","625"
"standard","raid","278131","1086","428"
"standard","raid","293926","1148","405"
"standard","raid","278131","1086","428"
"standard","raid","270545","1056","440"
"standard","raid","291051","1136","409"
"standard","raid","285468","1115","417"
"standard","raid","202105","789","589"
"standard","raid","298346","1165","399"
"standard","raid","307597","1201","387"
"standard","raid","318289","1243","374"
"standard","raid","200067","781","595"
"standard","raid","299849","1171","397"
"standard","raid","263363","1028","452"
"standard","raid","282085","1101","422"
"standard","raid","376709","1471","316"
"standard","raid","268108","1047","444"
"standard","raid","261626","1021","455"
"standard","raid","288232","1125","413"
"standard","raid","299095","1168","398"
"standard","raid","283429","1107","420"
"standard","raid","268108","1047","444"
"standard","raid","176356","688","675"
"standard","raid","274286","1071","434"
"standard","raid","291765","1139","408"
"standard","raid","284785","1112","418"
"standard","raid","253277","989","470"
"standard","raid","266906","1042","446"
"standard","raid","277483","1083","429"
"standard","raid","266906","1042","446"
"standard","raid","209577","818","568"
"standard","raid","269932","1054","441"
"standard","raid","192934","753","617"
"standard","raid","194510","759","612"
"standard","raid","283429","1107","420"
"standard","raid","271781","1061","438"
"standard","raid","280755","1096","424"
"standard","raid","291765","1139","408"
"standard","raid","262781","1026","453"
"standard","raid","300606","1174","396"
"standard","raid","324360","1267","367"
"standard","raid","294653","1150","404"
"standard","raid","274919","1073","433"
"standard","raid","277483","1083","429"
"standard","raid","266906","1042","446"
"standard","raid","292482","1142","407"
"standard","raid","275556","1076","432"
"standard","raid","454351","1774","262"
"standard","raid","44836","175","2655"
"standard","raid","236660","924","503"
"standard","raid","290341","1134","410"
"standard","raid","239517","935","497"
"standard","raid","239517","935","497"
"standard","raid","269321","1052","442"
"standard","raid","262781","1026","453"
"standard","raid","276195","1078","431"
"standard","raid","296119","1156","402"
"standard","raid","259913","1015","458"
"standard","raid","335324","1309","355"
"standard","raid","367407","1435","324"
"standard","raid","202105","789","589"
"standard","raid","293926","1148","405"
"standard","raid","70563","275","1687"
"standard","raid","291051","1136","409"
"standard","raid","271162","1059","439"
"standard","raid","442528","1728","269"
"standard","raid","266906","1042","446"
"standard","raid","365153","1426","326"
"standard","raid","263947","1031","451"
"standard","raid","298346","1165","399"
"standard","raid","298346","1165","399"
"standard","raid","288932","1128","412"
"standard","raid","274919","1073","433"
"standard","raid","289635","1131","411"
"standard","raid","265714","1037","448"
"standard","raid","279437","1091","426"
"standard","raid","211439","825","563"
"standard","raid","284785","1112","418"
"standard","raid","304450","1189","391"
"standard","raid","282085","1101","422"
"standard","raid","268713","1049","443"
"provisioned","single","41989","164","2835"
"provisioned","single","38093","148","3125"
"provisioned","single","41376","161","2877"
"provisioned","single","41989","164","2835"
"provisioned","single","41783","163","2849"
"provisioned","single","41319","161","2881"
"provisioned","single","40642","158","2929"
"provisioned","single","41262","161","2885"
"provisioned","single","41798","163","2848"
"provisioned","single","28622","111","4159"
"provisioned","single","41975","163","2836"
"provisioned","single","35313","137","3371"
"provisioned","single","41506","162","2868"
"provisioned","single","39561","154","3009"
"provisioned","single","41666","162","2857"
"provisioned","single","40670","158","2927"
"provisioned","single","37084","144","3210"
"provisioned","single","35146","137","3387"
"provisioned","single","32392","126","3675"
"provisioned","single","37755","147","3153"
"provisioned","single","37247","145","3196"
"provisioned","single","41521","162","2867"
"provisioned","single","40203","157","2961"
"provisioned","single","37188","145","3201"
"provisioned","single","39222","153","3035"
"provisioned","single","34950","136","3406"
"provisioned","single","38301","149","3108"
"provisioned","single","37317","145","3190"
"provisioned","single","38178","149","3118"
"provisioned","single","41521","162","2867"
"provisioned","single","39614","154","3005"
"provisioned","single","37235","145","3197"
"provisioned","single","35662","139","3338"
"provisioned","single","39799","155","2991"
"provisioned","single","41133","160","2894"
"provisioned","single","39813","155","2990"
"provisioned","single","41827","163","2846"
"provisioned","single","42049","164","2831"
"provisioned","single","37107","144","3208"
"provisioned","single","39055","152","3048"
"provisioned","single","41062","160","2899"
"provisioned","single","35834","139","3322"
"provisioned","single","37223","145","3198"
"provisioned","single","41901","163","2841"
"provisioned","single","41681","162","2856"
"provisioned","single","42078","164","2829"
"provisioned","single","27865","108","4272"
"provisioned","single","40697","158","2925"
"provisioned","single","40189","156","2962"
"provisioned","single","41960","163","2837"
"provisioned","single","32605","127","3651"
"provisioned","single","33542","131","3549"
"provisioned","single","33982","132","3503"
"provisioned","single","41362","161","2878"
"provisioned","single","39145","152","3041"
"provisioned","single","41434","161","2873"
"provisioned","single","42064","164","2830"
"provisioned","single","39171","153","3039"
"provisioned","single","41276","161","2884"
"provisioned","single","40573","158","2934"
"provisioned","single","33448","130","3559"
"provisioned","single","41812","163","2847"
"provisioned","single","39158","152","3040"
"provisioned","single","41622","162","2860"
"provisioned","single","39799","155","2991"
"provisioned","single","42064","164","2830"
"provisioned","single","41091","160","2897"
"provisioned","single","39760","155","2994"
"provisioned","single","27085","105","4395"
"provisioned","single","35177","137","3384"
"provisioned","single","41960","163","2837"
"provisioned","single","39274","153","3031"
"provisioned","single","41448","161","2872"
"provisioned","single","42078","164","2829"
"provisioned","single","37540","146","3171"
"provisioned","single","33401","130","3564"
"provisioned","single","42049","164","2831"
"provisioned","single","37446","146","3179"
"provisioned","single","39773","155","2993"
"provisioned","single","42064","164","2830"
"provisioned","single","37707","147","3157"
"provisioned","single","38877","151","3062"
"provisioned","single","41622","162","2860"
"provisioned","single","39261","153","3032"
"provisioned","single","36763","143","3238"
"provisioned","single","42049","164","2831"
"provisioned","single","41119","160","2895"
"provisioned","single","42049","164","2831"
"provisioned","single","39496","154","3014"
"provisioned","single","39171","153","3039"
"provisioned","single","33532","130","3550"
"provisioned","single","36304","141","3279"
"provisioned","single","39522","154","3012"
"provisioned","single","41901","163","2841"
"provisioned","single","42064","164","2830"
"provisioned","single","31097","121","3828"
"provisioned","single","38649","150","3080"
"provisioned","single","38129","148","3122"
"provisioned","single","41989","164","2835"
"provisioned","single","39222","153","3035"
"provisioned","single","39509","154","3013"
"provisioned","single","33514","130","3552"
"provisioned","single","38889","151","3061"
"provisioned","single","31829","124","3740"
"provisioned","single","29693","115","4009"
"provisioned","single","35063","136","3395"
"provisioned","single","31269","122","3807"
"provisioned","single","41376","161","2877"
"provisioned","single","41205","160","2889"
"provisioned","single","42064","164","2830"
"provisioned","single","42064","164","2830"
"provisioned","single","39287","153","3030"
"provisioned","single","41290","161","2883"
"provisioned","single","40586","158","2933"
"provisioned","single","32427","126","3671"
"provisioned","single","34746","135","3426"
"provisioned","single","40753","159","2921"
"provisioned","single","41564","162","2864"
"provisioned","single","35651","139","3339"
"provisioned","single","42034","164","2832"
"provisioned","single","39443","154","3018"
"provisioned","single","42049","164","2831"
"provisioned","single","33233","129","3582"
"provisioned","single","36182","141","3290"
"provisioned","single","40697","158","2925"
"provisioned","single","39106","152","3044"
"provisioned","single","32632","127","3648"
"provisioned","single","35694","139","3335"
"provisioned","single","40586","158","2933"
"provisioned","single","41448","161","2872"
"provisioned","single","40949","159","2907"
"provisioned","single","35866","140","3319"
"provisioned","single","39773","155","2993"
"provisioned","single","33140","129","3592"
"provisioned","single","34050","133","3496"
"provisioned","single","35534","138","3350"
"provisioned","single","39693","155","2999"
"provisioned","single","37026","144","3215"
"provisioned","single","39081","152","3046"
"provisioned","single","42004","164","2834"
"provisioned","single","41448","161","2872"
"provisioned","single","39561","154","3009"
"provisioned","single","42078","164","2829"
"provisioned","single","39786","155","2992"
"provisioned","single","38425","150","3098"
"provisioned","single","41975","163","2836"
"provisioned","single","39158","152","3040"
"provisioned","single","37766","147","3152"
"provisioned","single","34685","135","3432"
"provisioned","single","39094","152","3045"
"provisioned","single","41812","163","2847"
"provisioned","single","31991","124","3721"
"provisioned","single","33789","131","3523"
"provisioned","single","35556","138","3348"
"provisioned","single","41783","163","2849"
"provisioned","single","32095","125","3709"
"provisioned","single","42064","164","2830"
"provisioned","single","41564","162","2864"
"provisioned","single","30422","118","3913"
"provisioned","single","41564","162","2864"
"provisioned","single","41989","164","2835"
"provisioned","single","41871","163","2843"
"provisioned","single","41666","162","2857"
"provisioned","single","39627","154","3004"
"provisioned","single","39145","152","3041"
"provisioned","single","35609","139","3343"
"provisioned","single","35302","137","3372"
"provisioned","single","33722","131","3530"
"provisioned","single","42064","164","2830"
"provisioned","single","41077","160","2898"
"provisioned","single","41871","163","2843"
"provisioned","single","39773","155","2993"
"provisioned","single","35376","138","3365"
"provisioned","single","39456","154","3017"
"provisioned","single","41842","163","2845"
"provisioned","single","32208","125","3696"
"provisioned","single","39973","156","2978"
"provisioned","single","36370","142","3273"
"provisioned","single","34158","133","3485"
"provisioned","single","38788","151","3069"
"provisioned","single","42019","164","2833"
"provisioned","single","39158","152","3040"
"provisioned","single","38940","152","3057"
"provisioned","single","34807","135","3420"
"provisioned","single","41048","160","2900"
"provisioned","single","35845","140","3321"
"provisioned","single","40108","156","2968"
"provisioned","single","35386","138","3364"
"provisioned","single","39209","153","3036"
"provisioned","single","33934","132","3508"
"provisioned","single","42034","164","2832"
"provisioned","single","37683","147","3159"
"provisioned","single","42064","164","2830"
"provisioned","single","38388","149","3101"
"provisioned","single","39496","154","3014"
"provisioned","single","41593","162","2862"
"provisioned","single","30213","118","3940"
"provisioned","single","39378","153","3023"
"provisioned","single","38953","152","3056"
"provisioned","single","37719","147","3156"
"provisioned","single","32658","127","3645"
"provisioned","single","32383","126","3676"
"provisioned","single","34817","136","3419"
"provisioned","single","41798","163","2848"
"provisioned","single","39030","152","3050"
"provisioned","single","41077","160","2898"
"provisioned","single","33495","130","3554"
"provisioned","single","32208","125","3696"
"provisioned","single","41276","161","2884"
"provisioned","single","38966","152","3055"
"provisioned","single","41062","160","2899"
"provisioned","single","41133","160","2894"
"provisioned","single","41006","160","2903"
"provisioned","single","39094","152","3045"
"provisioned","single","37755","147","3153"
"provisioned","single","41233","161","2887"
"provisioned","single","39496","154","3014"
"provisioned","single","33618","131","3541"
"provisioned","single","41608","162","2861"
"provisioned","single","41695","162","2855"
"provisioned","single","41695","162","2855"
"provisioned","single","41190","160","2890"
"provisioned","single","36900","144","3226"
"provisioned","single","41975","163","2836"
"provisioned","single","37743","147","3154"
"provisioned","single","33741","131","3528"
"provisioned","single","37552","146","3170"
"provisioned","single","41945","163","2838"
"provisioned","single","41901","163","2841"
"provisioned","single","37755","147","3153"
"provisioned","single","37247","145","3196"
"provisioned","single","41233","161","2887"
"provisioned","single","41857","163","2844"
"provisioned","single","33963","132","3505"
"provisioned","single","38252","149","3112"
"provisioned","single","39209","153","3036"
"provisioned","single","39313","153","3028"
"provisioned","single","41827","163","2846"
"provisioned","single","35964","140","3310"
"provisioned","single","40148","156","2965"
"provisioned","single","29730","116","4004"
"provisioned","single","35888","140","3317"
"provisioned","single","37387","146","3184"
"provisioned","single","40697","158","2925"
"provisioned","single","34807","135","3420"
"provisioned","single","39786","155","2992"
"provisioned","single","41492","162","2869"
"provisioned","single","42049","164","2831"
"provisioned","single","38462","150","3095"
"provisioned","single","38813","151","3067"
"provisioned","single","41768","163","2850"
"provisioned","single","39456","154","3017"
"provisioned","single","30768","120","3869"
"provisioned","single","36912","144","3225"
"provisioned","single","38940","152","3057"
"provisioned","single","41915","163","2840"
"provisioned","single","41247","161","2886"
"provisioned","single","40162","156","2964"
"provisioned","single","41593","162","2862"
"provisioned","single","36549","142","3257"
"provisioned","single","37827","147","3147"
"provisioned","single","35855","140","3320"
"provisioned","single","39274","153","3031"
"provisioned","single","41162","160","2892"
"provisioned","single","30609","119","3889"
"provisioned","single","37223","145","3198"
"provisioned","single","41535","162","2866"
"provisioned","single","35758","139","3329"
"provisioned","single","38889","151","3061"
"provisioned","single","34187","133","3482"
"provisioned","single","33345","130","3570"
"provisioned","single","39030","152","3050"
"provisioned","single","39339","153","3026"
"provisioned","single","37165","145","3203"
"provisioned","single","42064","164","2830"
"provisioned","single","41886","163","2842"
"provisioned","single","41247","161","2886"
"provisioned","single","37935","148","3138"
"provisioned","single","38927","152","3058"
"provisioned","single","33876","132","3514"
"provisioned","single","41695","162","2855"
"provisioned","single","35313","137","3371"
"provisioned","single","37282","145","3193"
"provisioned","single","39483","154","3015"
"provisioned","single","41915","163","2840"
"provisioned","single","41960","163","2837"
"provisioned","single","38462","150","3095"
"provisioned","single","39548","154","3010"
"provisioned","single","38687","151","3077"
"provisioned","single","37096","144","3209"
"provisioned","single","39248","153","3033"
"provisioned","single","38927","152","3058"
"provisioned","single","39588","154","3007"
"provisioned","single","35167","137","3385"
"provisioned","single","41622","162","2860"
"provisioned","single","34675","135","3433"
"provisioned","single","35748","139","3330"
"provisioned","single","41535","162","2866"
"provisioned","single","28733","112","4143"
"provisioned","single","42049","164","2831"
"provisioned","single","41960","163","2837"
"provisioned","single","39773","155","2993"
"provisioned","single","36992","144","3218"
"provisioned","single","41915","163","2840"
"provisioned","single","38637","150","3081"
"provisioned","single","39209","153","3036"
"provisioned","single","39693","155","2999"
"provisioned","single","39274","153","3031"
"provisioned","single","41783","163","2849"
"provisioned","single","34605","135","3440"
"provisioned","single","39352","153","3025"
"provisioned","single","36426","142","3268"
"provisioned","single","37434","146","3180"
"provisioned","single","41550","162","2865"
"provisioned","single","30352","118","3922"
"provisioned","single","37305","145","3191"
"provisioned","single","39720","155","2997"
"provisioned","single","36515","142","3260"
"provisioned","single","37410","146","3182"
"provisioned","single","38032","148","3130"
"provisioned","single","38991","152","3053"
"provisioned","single","41405","161","2875"
"provisioned","single","42064","164","2830"
"provisioned","single","34236","133","3477"
"provisioned","single","41666","162","2857"
"provisioned","single","42049","164","2831"
"provisioned","single","42064","164","2830"
"provisioned","single","35271","137","3375"
"provisioned","single","40907","159","2910"
"provisioned","single","39404","153","3021"
"provisioned","single","32418","126","3672"
"provisioned","single","41666","162","2857"
"provisioned","single","35323","137","3370"
"provisioned","single","42064","164","2830"
"provisioned","single","38687","151","3077"
"provisioned","single","35920","140","3314"
"provisioned","single","39391","153","3022"
"provisioned","single","41871","163","2843"
"provisioned","single","41119","160","2895"
"provisioned","single","38154","149","3120"
"provisioned","single","37015","144","3216"
"provisioned","single","41960","163","2837"
"provisioned","raid","296119","1156","402"
"provisioned","raid","207749","811","573"
"provisioned","raid","276195","1078","431"
"provisioned","raid","247484","966","481"
"provisioned","raid","326137","1273","365"
"provisioned","raid","222921","870","534"
"provisioned","raid","339145","1324","351"
"provisioned","raid","211815","827","562"
"provisioned","raid","280755","1096","424"
"provisioned","raid","304450","1189","391"
"provisioned","raid","162845","636","731"
"provisioned","raid","288932","1128","412"
"provisioned","raid","243934","952","488"
"provisioned","raid","237605","928","501"
"provisioned","raid","306015","1195","389"
"provisioned","raid","187760","733","634"
"provisioned","raid","202794","792","587"
"provisioned","raid","196112","766","607"
"provisioned","raid","290341","1134","410"
"provisioned","raid","278782","1088","427"
"provisioned","raid","296858","1159","401"
"provisioned","raid","292482","1142","407"
"provisioned","raid","209947","820","567"
"provisioned","raid","326137","1273","365"
"provisioned","raid","313263","1223","380"
"provisioned","raid","278131","1086","428"
"provisioned","raid","320863","1253","371"
"provisioned","raid","286843","1120","415"
"provisioned","raid","258221","1008","461"
"provisioned","raid","369689","1444","322"
"provisioned","raid","357477","1396","333"
"provisioned","raid","310809","1214","383"
"provisioned","raid","282755","1104","421"
"provisioned","raid","290341","1134","410"
"provisioned","raid","208476","814","571"
"provisioned","raid","329751","1288","361"
"provisioned","raid","201763","788","590"
"provisioned","raid","360727","1409","330"
"provisioned","raid","319142","1246","373"
"provisioned","raid","348070","1359","342"
"provisioned","raid","327934","1280","363"
"provisioned","raid","422128","1648","282"
"provisioned","raid","284785","1112","418"
"provisioned","raid","183704","717","648"
"provisioned","raid","425143","1660","280"
"provisioned","raid","244938","956","486"
"provisioned","raid","291051","1136","409"
"provisioned","raid","275556","1076","432"
"provisioned","raid","376709","1471","316"
"provisioned","raid","320863","1253","371"
"provisioned","raid","182577","713","652"
"provisioned","raid","329751","1288","361"
"provisioned","raid","256552","1002","464"
"provisioned","raid","172522","673","690"
"provisioned","raid","340114","1328","350"
"provisioned","raid","341089","1332","349"
"provisioned","raid","245950","960","484"
"provisioned","raid","220853","862","539"
"provisioned","raid","281418","1099","423"
"provisioned","raid","273655","1068","435"
"provisioned","raid","207749","811","573"
"provisioned","raid","238557","931","499"
"provisioned","raid","214874","839","554"
"provisioned","raid","284785","1112","418"
"provisioned","raid","248518","970","479"
"provisioned","raid","343055","1340","347"
"provisioned","raid","198400","775","600"
"provisioned","raid","197086","769","604"
"provisioned","raid","148614","580","801"
"provisioned","raid","341089","1332","349"
"provisioned","raid","279437","1091","426"
"provisioned","raid","196760","768","605"
"provisioned","raid","200742","784","593"
"provisioned","raid","346047","1351","344"
"provisioned","raid","301367","1177","395"
"provisioned","raid","269321","1052","442"
"provisioned","raid","320000","1250","372"
"provisioned","raid","182018","711","654"
"provisioned","raid","299095","1168","398"
"provisioned","raid","342069","1336","348"
"provisioned","raid","311623","1217","382"
"provisioned","raid","266906","1042","446"
"provisioned","raid","341089","1332","349"
"provisioned","raid","379108","1480","314"
"provisioned","raid","354286","1383","336"
"provisioned","raid","223340","872","533"
"provisioned","raid","352189","1375","338"
"provisioned","raid","350118","1367","340"
"provisioned","raid","314921","1230","378"
"provisioned","raid","317440","1240","375"
"provisioned","raid","292482","1142","407"
"provisioned","raid","299849","1171","397"
"provisioned","raid","314921","1230","378"
"provisioned","raid","209947","820","567"
"provisioned","raid","212193","828","561"
"provisioned","raid","328840","1284","362"
"provisioned","raid","190769","745","624"
"provisioned","raid","298346","1165","399"
"provisioned","raid","236660","924","503"
"provisioned","raid","211439","825","563"
"provisioned","raid","311623","1217","382"
"provisioned","raid","300606","1174","396"
"provisioned","raid","226743","885","525"
"provisioned","raid","276837","1081","430"
"provisioned","raid","110941","433","1073"
"provisioned","raid","314921","1230","378"
"provisioned","raid","252739","987","471"
"provisioned","raid","470514","1837","253"
"provisioned","raid","299095","1168","398"
"provisioned","raid","395482","1544","301"
"provisioned","raid","245950","960","484"
"provisioned","raid","449208","1754","265"
"provisioned","raid","296858","1159","401"
"provisioned","raid","311623","1217","382"
"provisioned","raid","247484","966","481"
"provisioned","raid","291051","1136","409"
"provisioned","raid","212193","828","561"
"provisioned","raid","237131","926","502"
"provisioned","raid","305231","1192","390"
"provisioned","raid","235257","918","506"
"provisioned","raid","311623","1217","382"
"provisioned","raid","290341","1134","410"
"provisioned","raid","346047","1351","344"
"provisioned","raid","291051","1136","409"
"provisioned","raid","222921","870","534"
"provisioned","raid","285468","1115","417"
"provisioned","raid","402162","1570","296"
"provisioned","raid","425143","1660","280"
"provisioned","raid","233870","913","509"
"provisioned","raid","204185","797","583"
"provisioned","raid","283429","1107","420"
"provisioned","raid","289635","1131","411"
"provisioned","raid","256552","1002","464"
"provisioned","raid","213716","834","557"
"provisioned","raid","296858","1159","401"
"provisioned","raid","288232","1125","413"
"provisioned","raid","386494","1509","308"
"provisioned","raid","299095","1168","398"
"provisioned","raid","360727","1409","330"
"provisioned","raid","286154","1117","416"
"provisioned","raid","241460","943","493"
"provisioned","raid","299095","1168","398"
"provisioned","raid","289635","1131","411"
"provisioned","raid","291051","1136","409"
"provisioned","raid","293926","1148","405"
"provisioned","raid","237605","928","501"
"provisioned","raid","282755","1104","421"
"provisioned","raid","411903","1608","289"
"provisioned","raid","311623","1217","382"
"provisioned","raid","316596","1236","376"
"provisioned","raid","231146","902","515"
"provisioned","raid","286843","1120","415"
"provisioned","raid","203487","794","585"
"provisioned","raid","327934","1280","363"
"provisioned","raid","230251","899","517"
"provisioned","raid","262203","1024","454"
"provisioned","raid","198070","773","601"
"provisioned","raid","217226","848","548"
"provisioned","raid","327934","1280","363"
"provisioned","raid","386494","1509","308"
"provisioned","raid","254359","993","468"
"provisioned","raid","259913","1015","458"
"provisioned","raid","266906","1042","446"
"provisioned","raid","320863","1253","371"
"provisioned","raid","304450","1189","391"
"provisioned","raid","407671","1592","292"
"provisioned","raid","269932","1054","441"
"provisioned","raid","187170","731","636"
"provisioned","raid","248518","970","479"
"provisioned","raid","190769","745","624"
"provisioned","raid","319142","1246","373"
"provisioned","raid","225882","882","527"
"provisioned","raid","241460","943","493"
"provisioned","raid","163516","638","728"
"provisioned","raid","195148","762","610"
"provisioned","raid","315756","1233","377"
"provisioned","raid","313263","1223","380"
"provisioned","raid","222090","867","536"
"provisioned","raid","198731","776","599"
"provisioned","raid","226743","885","525"
"provisioned","raid","268713","1049","443"
"provisioned","raid","294653","1150","404"
"provisioned","raid","233412","911","510"
"provisioned","raid","290341","1134","410"
"provisioned","raid","361824","1413","329"
"provisioned","raid","195789","764","608"
"provisioned","raid","416224","1625","286"
"provisioned","raid","295385","1153","403"
"provisioned","raid","204185","797","583"
"provisioned","raid","261053","1019","456"
"provisioned","raid","300606","1174","396"
"provisioned","raid","361824","1413","329"
"provisioned","raid","329751","1288","361"
"provisioned","raid","134508","525","885"
"provisioned","raid","352189","1375","338"
"provisioned","raid","274919","1073","433"
"provisioned","raid","328840","1284","362"
"provisioned","raid","302901","1183","393"
"provisioned","raid","257662","1006","462"
"provisioned","raid","255451","997","466"
"provisioned","raid","351150","1371","339"
"provisioned","raid","262203","1024","454"
"provisioned","raid","278782","1088","427"
"provisioned","raid","197086","769","604"
"provisioned","raid","257662","1006","462"
"provisioned","raid","303673","1186","392"
"provisioned","raid","346047","1351","344"
"provisioned","raid","343055","1340","347"
"provisioned","raid","374340","1462","318"
"provisioned","raid","240485","939","495"
"provisioned","raid","293926","1148","405"
"provisioned","raid","291051","1136","409"
"provisioned","raid","340114","1328","350"
"provisioned","raid","281418","1099","423"
"provisioned","raid","348070","1359","342"
"provisioned","raid","230251","899","517"
"provisioned","raid","269321","1052","442"
"provisioned","raid","196760","768","605"
"provisioned","raid","350118","1367","340"
"provisioned","raid","215262","840","553"
"provisioned","raid","235723","920","505"
"provisioned","raid","374340","1462","318"
"provisioned","raid","357477","1396","333"
"provisioned","raid","197086","769","604"
"provisioned","raid","341089","1332","349"
"provisioned","raid","202105","789","589"
"provisioned","raid","193561","756","615"
"provisioned","raid","319142","1246","373"
"provisioned","raid","272403","1064","437"
"provisioned","raid","389020","1519","306"
"provisioned","raid","290341","1134","410"
"provisioned","raid","191075","746","623"
"provisioned","raid","301367","1177","395"
"provisioned","raid","222921","870","534"
"provisioned","raid","301367","1177","395"
"provisioned","raid","206308","805","577"
"provisioned","raid","229807","897","518"
"provisioned","raid","233870","913","509"
"provisioned","raid","351150","1371","339"
"provisioned","raid","319142","1246","373"
"provisioned","raid","413333","1614","288"
"provisioned","raid","267506","1044","445"
"provisioned","raid","274919","1073","433"
"provisioned","raid","295385","1153","403"
"provisioned","raid","110427","431","1078"
"provisioned","raid","336271","1313","354"
"provisioned","raid","286843","1120","415"
"provisioned","raid","278131","1086","428"
"provisioned","raid","208112","812","572"
"provisioned","raid","288932","1128","412"
"provisioned","raid","335324","1309","355"
"provisioned","raid","187170","731","636"
"provisioned","raid","317440","1240","375"
"provisioned","raid","280094","1094","425"
"provisioned","raid","218022","851","546"
"provisioned","raid","343055","1340","347"
"provisioned","raid","210318","821","566"
"provisioned","raid","222090","867","536"
"provisioned","raid","317440","1240","375"
"provisioned","raid","222921","870","534"
"provisioned","raid","220037","859","541"
"provisioned","raid","359637","1404","331"
"provisioned","raid","284105","1109","419"
"provisioned","raid","295385","1153","403"
"provisioned","raid","379108","1480","314"
"provisioned","raid","329751","1288","361"
"provisioned","raid","310809","1214","383"
"provisioned","raid","279437","1091","426"
"provisioned","raid","350118","1367","340"
"provisioned","raid","265122","1035","449"
"provisioned","raid","265714","1037","448"
"provisioned","raid","285468","1115","417"
"provisioned","raid","381538","1490","312"
"provisioned","raid","287536","1123","414"
"provisioned","raid","259346","1013","459"
"provisioned","raid","302132","1180","394"
"provisioned","raid","279437","1091","426"
"provisioned","raid","358554","1400","332"
"provisioned","raid","367407","1435","324"
"provisioned","raid","282085","1101","422"
"provisioned","raid","282755","1104","421"
"provisioned","raid","328840","1284","362"
"provisioned","raid","326137","1273","365"
"provisioned","raid","432873","1690","275"
"provisioned","raid","366277","1430","325"
"provisioned","raid","312441","1220","381"
"provisioned","raid","320000","1250","372"
"provisioned","raid","238080","930","500"
"provisioned","raid","294653","1150","404"
"provisioned","raid","200067","781","595"
"provisioned","raid","256552","1002","464"
"provisioned","raid","293926","1148","405"
"provisioned","raid","201081","785","592"
"provisioned","raid","310000","1210","384"
"provisioned","raid","221676","865","537"
"provisioned","raid","222090","867","536"
"provisioned","raid","305231","1192","390"
"provisioned","raid","283429","1107","420"
"provisioned","raid","176356","688","675"
"provisioned","raid","361824","1413","329"
"provisioned","raid","284785","1112","418"
"provisioned","raid","259913","1015","458"
"provisioned","raid","296858","1159","401"
"provisioned","raid","261626","1021","455"
"provisioned","raid","196760","768","605"
"provisioned","raid","324360","1267","367"
"provisioned","raid","288932","1128","412"
"provisioned","raid","357477","1396","333"
"provisioned","raid","222921","870","534"
"provisioned","raid","133903","523","889"
"provisioned","raid","403525","1576","295"
"provisioned","raid","296858","1159","401"
"provisioned","raid","413333","1614","288"
"provisioned","raid","410483","1603","290"
"provisioned","raid","201421","786","591"
"provisioned","raid","315756","1233","377"
"provisioned","raid","205596","803","579"
"provisioned","raid","201081","785","592"
"provisioned","raid","358554","1400","332"
"provisioned","raid","271162","1059","439"
"provisioned","raid","232047","906","513"
"provisioned","raid","270545","1056","440"
"provisioned","raid","289635","1131","411"
"provisioned","raid","88243","344","1349"
"provisioned","raid","302132","1180","394"
"provisioned","raid","359637","1404","331"
"provisioned","raid","252203","985","472"
"provisioned","raid","327934","1280","363"
"provisioned","raid","185132","723","643"
"provisioned","raid","385243","1504","309"
"provisioned","raid","232955","909","511"
"provisioned","raid","299095","1168","398"
"provisioned","raid","284785","1112","418"
"provisioned","raid","387752","1514","307"
"provisioned","raid","298346","1165","399"
"provisioned","raid","376709","1471","316"
"provisioned","raid","320000","1250","372"
"provisioned","raid","299095","1168","398"
"provisioned","raid","236660","924","503"
"provisioned","raid","302132","1180","394"
"provisioned","raid","331588","1295","359"
"provisioned","raid","204888","800","581"
